Datetime,Water Level (m)
2025-06-16 06:00:00,1.1585416
2025-06-16 07:00:00,1.1111357
2025-06-16 08:00:00,0.93356997
2025-06-16 09:00:00,0.60900193
2025-06-16 10:00:00,0.17956409
2025-06-16 11:00:00,-0.16253173
2025-06-16 12:00:00,-0.3297491
2025-06-16 13:00:00,-0.3766056
2025-06-16 14:00:00,-0.25997347
2025-06-16 15:00:00,-0.016316626
2025-06-16 16:00:00,0.26663408
2025-06-16 17:00:00,0.536007
2025-06-16 18:00:00,0.70114845
2025-06-16 19:00:00,0.72249466
2025-06-16 20:00:00,0.6286399
2025-06-16 21:00:00,0.4170949
2025-06-16 22:00:00,0.11766787
2025-06-16 23:00:00,-0.15301624
2025-06-17 00:00:00,-0.312646
2025-06-17 01:00:00,-0.3504952
2025-06-17 02:00:00,-0.22375159
2025-06-17 03:00:00,0.03332777
2025-06-17 04:00:00,0.36344567
2025-06-17 05:00:00,0.71614707
2025-06-17 06:00:00,0.97540635
2025-06-17 07:00:00,1.0573254
2025-06-17 08:00:00,0.98828083
2025-06-17 09:00:00,0.77212465
2025-06-17 10:00:00,0.43023178
2025-06-17 11:00:00,0.07143218
2025-06-17 12:00:00,-0.21182986
2025-06-17 13:00:00,-0.36647806
2025-06-17 14:00:00,-0.37107363
2025-06-17 15:00:00,-0.24431132
2025-06-17 16:00:00,-0.03159439
2025-06-17 17:00:00,0.26938173
2025-06-17 18:00:00,0.53375435
2025-06-17 19:00:00,0.68955594
2025-06-17 20:00:00,0.7451704
2025-06-17 21:00:00,0.6570234
2025-06-17 22:00:00,0.43889448
2025-06-17 23:00:00,0.14492795
2025-06-18 00:00:00,-0.109154165
2025-06-18 01:00:00,-0.26346627
2025-06-18 02:00:00,-0.30634755
2025-06-18 03:00:00,-0.18133461
2025-06-18 04:00:00,0.058618322
2025-06-18 05:00:00,0.3425259
2025-06-18 06:00:00,0.64978915
2025-06-18 07:00:00,0.87170225
2025-06-18 08:00:00,0.9229973
2025-06-18 09:00:00,0.83582926
2025-06-18 10:00:00,0.641961
2025-06-18 11:00:00,0.32750705
2025-06-18 12:00:00,-0.03160404
2025-06-18 13:00:00,-0.30070302
2025-06-18 14:00:00,-0.45605242
2025-06-18 15:00:00,-0.4721636
2025-06-18 16:00:00,-0.3425129
2025-06-18 17:00:00,-0.09743579
2025-06-18 18:00:00,0.20882282
2025-06-18 19:00:00,0.48319346
2025-06-18 20:00:00,0.66284454
2025-06-18 21:00:00,0.7240664
2025-06-18 22:00:00,0.64632344
2025-06-18 23:00:00,0.4617631
2025-06-19 00:00:00,0.21283898
2025-06-19 01:00:00,-0.027319605
2025-06-19 02:00:00,-0.18591665
2025-06-19 03:00:00,-0.23193155
2025-06-19 04:00:00,-0.13655119
2025-06-19 05:00:00,0.06325775
2025-06-19 06:00:00,0.3304698
2025-06-19 07:00:00,0.6137324
2025-06-19 08:00:00,0.8147629
2025-06-19 09:00:00,0.8693308
2025-06-19 10:00:00,0.8041555
2025-06-19 11:00:00,0.6074349
2025-06-19 12:00:00,0.3031456
2025-06-19 13:00:00,-0.029693028
2025-06-19 14:00:00,-0.29745018
2025-06-19 15:00:00,-0.45251173
2025-06-19 16:00:00,-0.462785
2025-06-19 17:00:00,-0.332498
2025-06-19 18:00:00,-0.09096878
2025-06-19 19:00:00,0.23234572
2025-06-19 20:00:00,0.5471236
2025-06-19 21:00:00,0.75538564
2025-06-19 22:00:00,0.8256368
2025-06-19 23:00:00,0.76957834
2025-06-20 00:00:00,0.59890157
2025-06-20 01:00:00,0.33059743
2025-06-20 02:00:00,0.06714205
2025-06-20 03:00:00,-0.11145859
2025-06-20 04:00:00,-0.1790394
2025-06-20 05:00:00,-0.12580931
2025-06-20 06:00:00,0.05021332
2025-06-20 07:00:00,0.3007888
2025-06-20 08:00:00,0.5679854
2025-06-20 09:00:00,0.7748719
2025-06-20 10:00:00,0.8499569
2025-06-20 11:00:00,0.78898084
2025-06-20 12:00:00,0.60200435
2025-06-20 13:00:00,0.29292226
2025-06-20 14:00:00,-0.048099615
2025-06-20 15:00:00,-0.31995648
2025-06-20 16:00:00,-0.47703728
2025-06-20 17:00:00,-0.49000964
2025-06-20 18:00:00,-0.3533288
2025-06-20 19:00:00,-0.094122574
2025-06-20 20:00:00,0.25288665
2025-06-20 21:00:00,0.6076988
2025-06-20 22:00:00,0.84093463
2025-06-20 23:00:00,0.9408694
2025-06-21 00:00:00,0.92121893
2025-06-21 01:00:00,0.74646723
2025-06-21 02:00:00,0.455424
2025-06-21 03:00:00,0.15945692
2025-06-21 04:00:00,-0.057031184
2025-06-21 05:00:00,-0.17033856
2025-06-21 06:00:00,-0.13907081
2025-06-21 07:00:00,0.02740507
2025-06-21 08:00:00,0.26915148
2025-06-21 09:00:00,0.5319605
2025-06-21 10:00:00,0.75788313
2025-06-21 11:00:00,0.8578504
2025-06-21 12:00:00,0.8119656
2025-06-21 13:00:00,0.6363486
2025-06-21 14:00:00,0.32961857
2025-06-21 15:00:00,-0.024728151
2025-06-21 16:00:00,-0.3188281
2025-06-21 17:00:00,-0.49111605
2025-06-21 18:00:00,-0.5156135
2025-06-21 19:00:00,-0.35932785
2025-06-21 20:00:00,-0.064427
2025-06-21 21:00:00,0.32949656
2025-06-21 22:00:00,0.70123637
2025-06-21 23:00:00,0.9863294
2025-06-22 00:00:00,1.1091459
2025-06-22 01:00:00,1.0815871
2025-06-22 02:00:00,0.9005076
2025-06-22 03:00:00,0.57134
2025-06-22 04:00:00,0.22879244
2025-06-22 05:00:00,-0.041676965
2025-06-22 06:00:00,-0.19942388
